OscarCarnevale,,@giuseppe6471 Avevate gi√† usufruito anche dei due punti tolti alla Juve per rigore contro inventato nella partita c‚Ä¶ https://t.co/uVrKGz3ZuZ
infoitsport,Italia,Nedved: ‚ÄúLa Juve vince con merito e non con gli aiuti degli arbitri. Sono stufo‚Äù https://t.co/njFJlXLJQH
infoitsport,Italia,Juve-Fiorentina: risultato grande, partita piccola https://t.co/t1fc5gmSIc
SusotyaMurti,Pati-Yogyakarta,Juve &lt;- common enemy  @candralaw üòÑüòÑüòÑ https://t.co/C5CUR8SKQg
DanielsH796,,RT @snasainplasa: la juve ruba, campionato falsato via loro... https://t.co/AbuQ5kaITH
SilviaPrato1,,RT @JuventusFCYouth: #JuventusWomen, vincono le ragazze dell'#Under19 ‚ö™‚ö´  Juve-Ravenna 6-1 ‚öΩ‚öΩ Beccari ‚öΩ‚öΩ Berti  ‚öΩ Arcangeli ‚öΩ Scarpelli   üëè‚Ä¶
JohnnyPepp3,,RT @irrisolvibile: Io continuo a tifare perch√© la Juve sia portata a giocare in qualunque altro campionato. Lasciare interisti, napolisti,‚Ä¶
abubu_s,,RT @EiFuFaceto: @tutticonvocati @vocalelli Tutto giusto. Ma perch√© questo bisogno dei giornalisti di difendere sempre la Juve? Sono stati c‚Ä¶
Pasqual52244119,,@Torrenapoli1 De Laurentis ha sempre parlato anche dopo la partita con l'Atalanta e caro ci √® costato. La Juve anda‚Ä¶ https://t.co/RwtLt5yyx1
VivInterNews,,RT @RealPiccinini: @maxdimax69 Si vergogni lui. Proprio perch√© √® il vicepresidente di una societ√† come la Juve dovrebbe evitare di inseguir‚Ä¶
robypec75,Palermo, Sicilia,RT @EBssta: La regola √© sempre diversa quando c'√© la JUVE!!!  Che tristezza x Inter e Lazio che ancora ci credono... https://t.co/8VEsKffkup
Yetisi75,Cassino,@mario_nogood Caro Mario mi dispiace che sei stato mandato via per me eri e sei un ottimo giocatore e un uomo esemp‚Ä¶ https://t.co/ZFscbHIv9H
La_Bianconera,,@willy_signori In realt√† avrebbero potuto fare di pi√π, dirgli "ad onor del vero presidente c'√® un rigore negato all‚Ä¶ https://t.co/KrEsYby0ub
vincemotta,,RT @H0PESTR0M: Strano che all‚ÄôInter lo stesso rigore dato alla juve non sia stato fischiato. Vabb√® ricordate che la pirateria uccide il cal‚Ä¶
SaintObed_,Paris/Milan,RT @marifcinter: #Commisso: "Sono disgustato, gli arbitri non possono decidere le partite. La Juve non ha bisogno di aiuti arbitrali, sono‚Ä¶
GiacomoAsaro,Mazara del Vallo, Sicilia,@SimoneAvsim Non capisci. Se la Juve perde √© sempre corretto, se vince ruba. Sempre.
paolobocciarel1,Rho, Lombardia,@7Robymar La Juve ha svincolato Agricola mi pare.
lupofranci1,Marina di Gioiosa Ionica R.C,RT @massimozampini: La Juve non dovrebbe fare parlare di arbitri il capitano, che li ha gi√† presi a testate; il vicepresidente indimidatori‚Ä¶
infoitsport,Italia,Doppio rigore Juve, Feltri ironizza sull'arbitro https://t.co/lry7IggkrN
infoitsport,Italia,Juve, Cristiano a quota 50: √® una certezza. De Ligt blinda la difesa https://t.co/iah73XBzL1
infoitsport,Italia,Gol De Ligt: incornata vincente dell‚Äôolandese, la Juve cala il tris ‚Äì VIDEO https://t.co/zlJxyb0YMB
infoitsport,Italia,Piccinini, bordata alla Juve: ‚ÄúNessuna morale da Nedved, spesso intimidatorio con gli arbitri‚Äù. E Frey concorda: ‚ÄúB‚Ä¶ https://t.co/sEh9OI3kMq
ArtnFoodNews,,@Nicolas81972837 @juventusfc @Cristiano @mdeligt_04 @officialpes Si potrebbe fare una richiesta per far giocare la‚Ä¶ https://t.co/6vPsYwwGNN
WalterMancini6,,@gianlucarossitv ‚ÄúPer√≤ anche con l‚ÄôInter...‚Äù lo ha detto Commisso stesso lamentando torti in 3 gare consecutive (Ge‚Ä¶ https://t.co/K0onMLrYYW
19dask85,Cuneo, Piemonte,@giampdisan ed anche alcuni giocatori.. qualcuno da arrogante e strafottente ha avuto il coraggio di lamentarsi, fr‚Ä¶ https://t.co/FVahSJBwOK
TheEnigma88,Italia,RT @francescoceccot: Da "il Verona la prossima la gioca con la Juve(quando mercoled√¨ ha la Lazio)" a "Lazio-Verona prima di Verona-Juve l'h‚Ä¶
Nico_Piaz,Italia,RT @snasainplasa: la juve ruba, campionato falsato via loro... https://t.co/AbuQ5kaITH
EternoRN93,,RT @RealPiccinini: @maxdimax69 Si vergogni lui. Proprio perch√© √® il vicepresidente di una societ√† come la Juve dovrebbe evitare di inseguir‚Ä¶
Do_Dec,Italia,SOLO APPALUSI ..E POI RICORDATE CHE LA JUVE HA COMPRATO GLI ARBITRI IN PASSATO E QUINDI ..........IL LUPO PERDE IL‚Ä¶ https://t.co/wsBHKrFZtC
nr6_kar120c,Berlin, Deutschland,RT @Gobba841: Commisso e Varriale vomitano merda sulla Juve da 2 ore, senza nessun contraddittorio, senza  decenza, con la bava alla bocca,‚Ä¶
rew1897,Italy EU,@exsebio No, per√≤ #Commisso va capito... Sta finendo il credito verso i fiomerdini, non gli resta che sbraitare con‚Ä¶ https://t.co/urQdyVhPY6
lorenzo47582291,Milano, Lombardia,@pietromichi_01 @FabRavezzani No sbagli perch√© li interrompe la corsa di Cr7 e non guarda mai il pallone. Vogliamo‚Ä¶ https://t.co/j3e55E6c5B
Gatina711,,RT @pisto_gol: Promessa: siccome non ho visto Juve-Fiorentina, domani super-moviola su tutti i casi discussi. Senza remore, ovviamente. Il‚Ä¶
Pasqual24320045,,RT @charlielittledo: Dopo lo sconcio di ieri, preceduto da Toro in campionato e Juve in Coppa, ho deciso di non commentare pi√π le prestazio‚Ä¶
Mirko35154345,,@Olty86 Per me √® rigore sia per la juve che per l udinese
Chicca141002,,RT @mike_fusco: @RealPiccinini Pensa che c'√® chi √® stato condannato per aver falsificato passaporti e ricopre non solo un ruolo in federazi‚Ä¶
april_juve,Marche, Italia,RT @KikkaTheBlonde: Vabb√® Barbara inviti la gente, la accusi, non la fai parlare e la chiami pure logorroica #noneladurso https://t.co/YRAJ‚Ä¶
antoniolenzi,,RT @RealPiccinini: @maxdimax69 Si vergogni lui. Proprio perch√© √® il vicepresidente di una societ√† come la Juve dovrebbe evitare di inseguir‚Ä¶
danisailor7,,RT @IlMaest54500641: Lo scorso campionato alla 22ma l‚ÄôInter era terza ma a 20 punti dalla juve con 11 punti in meno rispetto a oggi. I gol‚Ä¶
Juv3girl37,,RT @JakKekkosanMex: @massimozampini Come funziona il calcio italiano: - Rigore lampante per la Juve? √à dubbio. - Gol della Juve? "Non lo so‚Ä¶
arcoll86,,RT @Mitch_Pal: Questo era rosso! Si era sul 0 0 La juve aiutata. dovete impazzire #LaDS https://t.co/OK8LqHA66T
Juv3girl37,,RT @massimozampini: La Juve non dovrebbe fare parlare di arbitri il capitano, che li ha gi√† presi a testate; il vicepresidente indimidatori‚Ä¶
AndyRussell6,Panam√°,RT @BombeDiVlad: üîäüéôÔ∏è #Fiorentina - #Commisso non ci sta ed attacca: "Io sono disgustato. Gli arbitri non possono decidere la partita. La #J‚Ä¶
DarioViPu64,,@RaiSport La Juve √® pi√π in forma. Quando l'organico sar√† al completo batter√† le dirette concorrenti. Occhio alla Lazio.
TheEnigma88,Italia,RT @Gobba841: Commisso e Varriale vomitano merda sulla Juve da 2 ore, senza nessun contraddittorio, senza  decenza, con la bava alla bocca,‚Ä¶
nonsivendekaka,Sicilia, Italia,RT @RealPiccinini: @maxdimax69 Si vergogni lui. Proprio perch√© √® il vicepresidente di una societ√† come la Juve dovrebbe evitare di inseguir‚Ä¶
FonzyH,,RT @fralittera: Beppe Beppe che cazzo "in quel campionato li (1997-98) abbiamo mollato un po' e ha vinto la Juve"  Quel campionato l'hanno‚Ä¶
SergiomagikV,,@rjollat @Gianpy23579821 @Erjon100 @pisto_gol Marotta, che in juve-Genoa denunciava che l'arbrito era Napoletano, n‚Ä¶ https://t.co/7Kg49ME6is
SandroDiconto,üè†,@gianlucarossitv @mimmopesce1 @RomeluLukaku9 Buona sera amico interista ben tornato ! come vedi e rimasto tutto ugu‚Ä¶ https://t.co/qpaJTYup3D
danisailor7,,RT @EBssta: La regola √© sempre diversa quando c'√© la JUVE!!!  Che tristezza x Inter e Lazio che ancora ci credono... https://t.co/8VEsKffkup
